Brand,Model,Year,Sales,Currency,Car Age
Acura,ILX,2021,14.685,$,4
Acura,ILX,2020,11.757,$,5
Acura,ILX,2019,18.531,$,6
Acura,ILX,2018,20.43,$,7
Acura,TSX,2016,6.287,$,9
Acura,TSX,2015,28.865,$,10
Acura,TSX,2014,32.076,$,11
Acura,TSX,2013,31.998,$,12
Acura,TSX,2012,38.035,$,13
Acura,TSX,2011,30.365,$,14
Acura,TLX,2021,26.548,$,4
Acura,TLX,2020,34.846,$,5
Acura,TLX,2019,47.08,$,6
Acura,RLX,2021,1.019,$,4
Acura,RLX,2020,1.237,$,5
Acura,RLX,2019,2.195,$,6
Acura,RLX,2018,5.014,$,7
Acura,NSX,2021,238.0,$,4
Acura,NSX,2020,581.0,$,5
Acura,NSX,2019,2.0,$,6
Acura,NSX,2018,206.0,$,7
Acura,NSX,2017,221.0,$,8
Acura,NSX,2016,182.0,$,9
Acura,NSX,2007,238.0,$,18
Acura,NSX,2006,415.0,$,19
Acura,NSX,2005,884.0,$,20
Acura,NSX,2004,652.0,$,21
Acura,NSX,2003,1.94,$,22
Acura,RDX,2021,62.876,$,4
Acura,RDX,2020,51.295,$,5
Acura,RDX,2019,51.026,$,6
Acura,RDX,2018,44.75,$,7
Acura,RDX,2017,15.196,$,8
Acura,RDX,2016,10.153,$,9
Acura,RDX,2015,23.356,$,10
Acura,MDX,2021,52.019,$,4
Acura,MDX,2020,54.886,$,5
Acura,MDX,2019,58.208,$,6
Acura,MDX,2018,53.04,$,7
Acura,MDX,2017,43.271,$,8
Acura,MDX,2016,31.178,$,9
Acura,MDX,2015,58.606,$,10
Acura,MDX,2014,57.948,$,11
Acura,MDX,2013,57.281,$,12
Acura,MDX,2012,40.95,$,13
Acura,ZDX,2015,361.0,$,10
Acura,ZDX,2014,1.564,$,11
Acura,ZDX,2013,79.0,$,12
Acura,CL,2005,6.593,$,20
Acura,CL,2004,18.993,$,21
Acura,CL,2003,20.968,$,22
Acura,CL,2002,28.939,$,23
Acura,TL,2015,24.318,$,10
Acura,TL,2014,31.237,$,11
Acura,TL,2013,33.62,$,12
Acura,TL,2012,58.545,$,13
Acura,TL,2011,78.218,$,14
Acura,TL,2010,56.77,$,15
Acura,TL,2009,69.484,$,16
Acura,TL,2008,56.566,$,17
Acura,TL,2007,23.151,$,18
Acura,TL,2006,16.539,$,19
Acura,RL,2013,1.096,$,12
Acura,RL,2012,2.043,$,13
Acura,RL,2011,6.262,$,14
Acura,RL,2010,17.572,$,15
Acura,RL,2009,6.829,$,16
Acura,RL,2008,10.723,$,17
Acura,RL,2007,13.366,$,18
Acura,RL,2006,16.004,$,19
Acura,RSX,2008,16.996,$,17
Acura,RSX,2007,21.94,$,18
Acura,RSX,2006,30.117,$,19
Acura,Vigor,1996,8.469,$,29
Acura,Vigor,1995,13.846,$,30
Acura,Vigor,1994,0.0,$,31
Acura,Legend,1997,18.159,$,28
Acura,Legend,1996,38.866,$,29
Acura,Legend,1995,65.689,$,30
Acura,Legend,1994,64.638,$,31
Acura,Legend,1993,54.713,$,32
Acura,Legend,1992,0.0,$,33
Acura,SLX,2001,694.0,$,24
Acura,SLX,2000,1.299,$,25
Acura,SLX,1999,200.0,$,26
Alfa-romeo,Spider,1995,605.0,$,30
Alfa-romeo,Spider,1994,1.389,$,31
Alfa-romeo,Spider,1993,1.857,$,32
Alfa-romeo,Spider,1992,3.401,$,33
Alfa-romeo,Spider,1991,3.45,$,34
Alfa-romeo,164,1996,357.0,$,29
Alfa-romeo,164,1995,1.721,$,30
Alfa-romeo,164,1994,1.549,$,31
Alfa-romeo,Milano,1993,5.0,$,32
Alfa-romeo,Milano,1992,1.062,$,33
Alfa-romeo,Milano,1991,2.859,$,34
Alfa-romeo,Milano,1990,0.0,$,35
Alfa-romeo,Giulia,2021,8.704,$,4
Alfa-romeo,Giulia,2020,8.904,$,5
Alfa-romeo,4C,2021,144.0,$,4
Alfa-romeo,4C,2020,406.0,$,5
Alfa-romeo,4C,2019,663.0,$,6
Audi,A3,2021,10.418,$,4
Audi,A3,2020,23.61,$,5
Audi,A3,2019,35.984,$,6
Audi,A3,2018,857.0,$,7
Audi,A3,2017,6.561,$,8
Audi,A3,2016,3.874,$,9
Audi,A3,2015,6.353,$,10
Audi,A3,2014,5.389,$,11
Audi,A4,2021,26.435,$,4
Audi,A4,2020,34.434,$,5
Audi,A4,2019,29.013,$,6
Audi,A4,2018,36.744,$,7
Audi,A4,2017,35.234,$,8
Audi,A4,2016,37.07,$,9
Audi,A4,2015,45.411,$,10
Audi,A4,2014,48.922,$,11
Audi,A4,2013,51.043,$,12
Audi,A4,2012,35.739,$,13
Audi,A4,2011,32.137,$,14
Audi,A4,2010,20.871,$,15
Audi,A4,2009,0.0,$,16
Audi,A5,2021,23.023,$,4
Audi,A5,2020,21.301,$,5
Audi,A5,2019,12.934,$,6
Audi,A5,2018,18.664,$,7
Audi,A5,2017,15.385,$,8
Audi,A5,2016,9.8,$,9
Audi,A5,2015,625.0,$,10
Audi,A6,2021,17.807,$,4
Audi,A6,2020,16.304,$,5
Audi,A6,2019,22.85,$,6
Audi,A6,2018,22.428,$,7
Audi,A6,2017,11.124,$,8
Audi,A6,2016,6.786,$,9
Audi,A6,2015,12.001,$,10
Audi,A6,2014,18.074,$,11
Audi,A6,2013,17.585,$,12
Audi,A6,2012,26.364,$,13
Audi,A6,2011,26.131,$,14
Audi,A6,2010,9.946,$,15
Audi,A6,2009,3.672,$,16
Audi,A7,2021,4.955,$,4
Audi,A7,2020,4.81,$,5
Audi,A7,2019,7.721,$,6
Audi,A7,2018,8.483,$,7
Audi,A7,2017,6.27,$,8
Audi,A8,2021,2.963,$,4
Audi,A8,2020,3.127,$,5
Audi,A8,2019,4.99,$,6
Audi,A8,2018,6.3,$,7
Audi,A8,2017,5.7,$,8
Audi,A8,2016,1.463,$,9
Audi,A8,2015,3.826,$,10
Audi,A8,2014,5.43,$,11
Audi,A8,2013,4.09,$,12
Audi,A8,2012,2.3,$,13
Audi,A8,2011,2.481,$,14
Audi,A8,2010,2.085,$,15
Audi,TT,2021,1.324,$,4
Audi,TT,2020,2.294,$,5
Audi,TT,2019,1.167,$,6
Audi,TT,2018,2.053,$,7
Audi,TT,2017,2.236,$,8
Audi,TT,2016,1.935,$,9
Audi,TT,2015,4.355,$,10
Audi,TT,2014,2.822,$,11
Audi,TT,2013,7.88,$,12
Audi,TT,2012,12.523,$,13
Audi,TT,2011,5.139,$,14
Audi,R8,2021,574.0,$,4
Audi,R8,2020,772.0,$,5
Audi,R8,2019,495.0,$,6
Audi,R8,2018,813.0,$,7
Audi,R8,2017,1.145,$,8
Audi,R8,2016,699.0,$,9
Audi,R8,2015,240.0,$,10
Audi,A4-Allroad,2018,2.3,$,7
Audi,A4-Allroad,2017,4.686,$,8
Audi,A4-Allroad,2016,3.115,$,9
Audi,Q3,2021,14.822,$,4
Audi,Q3,2020,20.633,$,5
Audi,Q3,2019,13.229,$,6
Audi,Q5,2021,67.516,$,4
Audi,Q5,2020,57.64,$,5
Audi,Q5,2019,52.006,$,6
Audi,Q5,2018,40.355,$,7
Audi,Q5,2017,24.908,$,8
Audi,Q5,2016,13.79,$,9
Audi,Q7,2021,34.649,$,4
Audi,Q7,2020,38.346,$,5
Audi,Q7,2019,18.995,$,6
Audi,Q7,2018,15.978,$,7
Audi,Q7,2017,8.998,$,8
Audi,Q7,2016,7.299,$,9
Audi,Q7,2015,20.695,$,10
Audi,Allroad-Quattro,2006,4.626,$,19
Audi,Allroad-Quattro,2005,6.007,$,20
Audi,Allroad-Quattro,2004,1.033,$,21
Audi,Allroad-Quattro,2003,1.742,$,22
Audi,80/90,1996,4.174,$,29
Audi,80/90,1995,3.881,$,30
Audi,80/90,1994,7.765,$,31
Audi,80/90,1993,11.773,$,32
Audi,80/90,1992,0.0,$,33
Audi,Cabriolet,1998,1.183,$,27
Audi,Cabriolet,1997,1.175,$,28
Audi,4000,1990,295.0,$,35
Audi,4000,1989,16.32,$,36
Audi,4000,1988,19.152,$,37
Audi,4000,1987,16.364,$,38
Audi,4000,1986,14.664,$,39
Audi,Coupe,1992,845.0,$,33
Audi,Coupe,1991,278.0,$,34
Audi,Coupe,1990,2.826,$,35
Audi,Coupe,1989,3.585,$,36
Audi,Coupe,1988,4.524,$,37
Audi,Quattro,1987,73.0,$,38
Audi,Quattro,1986,238.0,$,39
Audi,Quattro,1985,0.0,$,40
Audi,Fox,1980,19.584,$,45
Audi,Fox,1979,21.763,$,46
Audi,Fox,1978,26.453,$,47
Audi,100,1994,10.103,$,31
Audi,100,1993,9.437,$,32
Audi,100,1992,3.306,$,33
Audi,100,1991,0.0,$,34
Audi,100,1990,0.0,$,35
Audi,100,1989,0.0,$,36
Audi,100,1988,0.0,$,37
Audi,100,1987,537.0,$,38
Audi,100,1986,11.553,$,39
Audi,100,1985,23.984,$,40
Audi,100,1984,26.703,$,41
Audi,100,1983,6.557,$,42
Audi,5000,1990,7.251,$,35
Audi,5000,1989,40.107,$,36
Audi,5000,1988,43.764,$,37
Audi,5000,1987,26.298,$,38
Audi,5000,1986,26.61,$,39
Audi,5000,1985,20.761,$,40
Audi,5000,1984,0.0,$,41
Audi,V8.,1995,170.0,$,30
Audi,V8.,1994,527.0,$,31
Audi,V8.,1993,889.0,$,32
Bentley,Flying-Spur,2017,791.0,$,8
Bentley,Mulsanne,2017,195.0,$,8
Bmw,1-series,2014,7.689,$,11
Bmw,1-series,2013,13.132,$,12
Bmw,1-series,2012,12.018,$,13
Bmw,2-series,2021,8.015,$,4
Bmw,2-series,2020,11.737,$,5
Bmw,2-series,2019,13.02,$,6
Bmw,6-series,2021,1.139,$,4
Bmw,6-series,2020,3.355,$,5
Bmw,6-series,2019,8.146,$,6
Bmw,6-series,2018,9.762,$,7
Bmw,6-series,2017,3.903,$,8
Bmw,6-series,2016,3.549,$,9
Bmw,6-series,2015,9.033,$,10
Bmw,6-series,2014,9.934,$,11
Bmw,7-series,2021,8.823,$,4
Bmw,7-series,2020,9.276,$,5
Bmw,7-series,2019,9.292,$,6
Bmw,7-series,2018,10.932,$,7
Bmw,7-series,2017,11.299,$,8
Bmw,7-series,2016,9.254,$,9
Bmw,7-series,2015,14.773,$,10
Bmw,7-series,2014,18.165,$,11
Bmw,7-series,2013,20.473,$,12
Bmw,7-series,2012,13.389,$,13
Bmw,7-series,2011,18.233,$,14
Bmw,7-series,2010,18.273,$,15
Bmw,7-series,2009,15.005,$,16
Bmw,7-series,2008,9.767,$,17
Bmw,7-series,2007,5.509,$,18
Bmw,7-series,2006,10.399,$,19
Bmw,7-series,2005,10.028,$,20
Bmw,7-series,2004,9.935,$,21
Bmw,8-series,2021,4.41,$,4
Bmw,8-series,2020,0.0,$,5
Bmw,8-series,2019,0.0,$,6
Bmw,8-series,2018,0.0,$,7
Bmw,8-series,2017,0.0,$,8
Bmw,8-series,2016,0.0,$,9
Bmw,8-series,2015,0.0,$,10
Bmw,8-series,2014,0.0,$,11
Bmw,8-series,2013,0.0,$,12
Bmw,8-series,2012,0.0,$,13
Bmw,8-series,2011,0.0,$,14
Bmw,8-series,2010,616.0,$,15
Bmw,8-series,2009,942.0,$,16
Bmw,8-series,2008,715.0,$,17
Bmw,8-series,2007,1.711,$,18
Bmw,8-series,2006,0.0,$,19
Bmw,i3,2021,4.854,$,4
Bmw,i3,2020,6.276,$,5
Bmw,i3,2019,11.024,$,6
Bmw,i8,2021,1.102,$,4
Bmw,i8,2020,488.0,$,5
Bmw,i8,2019,2.265,$,6
Bmw,Z4,2021,2.941,$,4
Bmw,Z4,2020,502.0,$,5
Bmw,Z4,2019,1.829,$,6
Bmw,Z4,2018,2.48,$,7
Bmw,Z4,2017,3.479,$,8
Bmw,Z4,2016,3.523,$,9
Bmw,Z4,2015,10.097,$,10
Bmw,Z4,2014,10.045,$,11
Bmw,Z4,2013,20.169,$,12
Bmw,Z4,2012,970.0,$,13
Bmw,X1,2021,17.815,$,4
Bmw,X1,2020,30.826,$,5
Bmw,X1,2019,14.42,$,6
Bmw,X1,2018,26.512,$,7
Bmw,X3,2021,70.11,$,4
Bmw,X3,2020,40.691,$,5
Bmw,X3,2019,31.924,$,6
Bmw,X3,2018,30.623,$,7
Bmw,X3,2017,27.793,$,8
Bmw,X3,2016,6.067,$,9
Bmw,X3,2015,28.058,$,10
Bmw,X3,2014,30.769,$,11
Bmw,X4,2021,8.758,$,4
Bmw,X4,2020,5.198,$,5
Bmw,X4,2019,6.429,$,6
Bmw,X5,2021,54.595,$,4
Bmw,X5,2020,50.815,$,5
Bmw,X5,2019,54.997,$,6
Bmw,X5,2018,39.837,$,7
Bmw,X5,2017,40.547,$,8
Bmw,X5,2016,27.071,$,9
Bmw,X5,2015,35.202,$,10
Bmw,X5,2014,37.598,$,11
Bmw,X5,2013,40.715,$,12
Bmw,X5,2012,40.622,$,13
Bmw,X5,2011,1.312,$,14
Bmw,X6,2021,4.24,$,4
Bmw,X6,2020,6.78,$,5
Bmw,X6,2019,7.906,$,6
Bmw,X6,2018,5.53,$,7
Bmw,X6,2017,6.192,$,8
Bmw,X6,2016,4.787,$,9
Bmw,X7,2021,21.574,$,4
Bmw,Z8,2006,110.0,$,19
Bmw,Z8,2005,524.0,$,20
Bmw,Z8,2004,317.0,$,21
Bmw,Z3,2003,14.914,$,22
Bmw,Z3,2002,20.062,$,23
Bmw,Z3,2001,19.76,$,24
Bmw,Z3,2000,0.0,$,25
Buick,Verano,2018,30.277,$,7
Buick,Verano,2017,43.743,$,8
Buick,Verano,2016,41.042,$,9
Buick,Cascada,2021,2.535,$,4
Buick,Cascada,2020,5.595,$,5
Buick,Regal,2021,10.363,$,4
Buick,Regal,2020,11.559,$,5
Buick,Regal,2019,19.504,$,6
Buick,Regal,2018,18.685,$,7
Buick,Regal,2017,40.144,$,8
Buick,Regal,2016,0.0,$,9
Buick,Regal,2015,0.0,$,10
Buick,Regal,2014,602.0,$,11
Buick,Regal,2013,23.677,$,12
Buick,Regal,2012,49.992,$,13
Buick,Regal,2011,74.016,$,14
Buick,Regal,2010,50.691,$,15
Buick,LaCrosse,2021,7.241,$,4
Buick,LaCrosse,2020,20.161,$,5
Buick,LaCrosse,2019,42.035,$,6
Buick,LaCrosse,2018,48.798,$,7
Buick,LaCrosse,2017,58.474,$,8
Buick,LaCrosse,2016,27.818,$,9
Buick,LaCrosse,2015,47.747,$,10
Buick,LaCrosse,2014,92.669,$,11
Buick,Encore,2021,102.402,$,4
Buick,Encore,2020,88.035,$,5
Buick,Encore,2019,67.549,$,6
Buick,Encore,2018,31.956,$,7
Buick,Envision,2021,33.229,$,4
Buick,Envision,2020,41.04,$,5
Buick,Enclave,2021,51.156,$,4
Buick,Enclave,2020,48.564,$,5
Buick,Enclave,2019,62.081,$,6
Buick,Enclave,2018,60.534,$,7
Buick,Enclave,2017,58.392,$,8
Buick,Enclave,2016,43.15,$,9
Buick,Enclave,2015,29.286,$,10
Buick,Century,2007,6.504,$,18
Buick,Century,2006,94.279,$,19
Buick,Century,2005,142.157,$,20
Buick,Century,2004,157.035,$,21
Buick,Century,2003,91.232,$,22
Buick,LeSabre,2007,75.369,$,18
Buick,LeSabre,2006,114.572,$,19
Buick,LeSabre,2005,145.304,$,20
Buick,LeSabre,2004,149.445,$,21
Buick,LeSabre,2003,150.744,$,22
Buick,Park-Avenue,2007,2.175,$,18
Buick,Park-Avenue,2006,26.82,$,19
Buick,Park-Avenue,2005,36.454,$,20
Buick,Park-Avenue,2004,62.868,$,21
Buick,Park-Avenue,2003,68.777,$,22
Buick,Lucerne,2013,20.358,$,12
Buick,Lucerne,2012,31.292,$,13
Buick,Lucerne,2011,82.923,$,14
Buick,Lucerne,2010,8.821,$,15
Buick,Reatta,1992,6.599,$,33
Buick,Reatta,1991,4.514,$,34
Buick,Terraza,2009,5.569,$,16
Buick,Terraza,2008,20.288,$,17
Buick,Rendezvous,2009,15.295,$,16
Buick,Rendezvous,2008,60.589,$,17
Buick,Rendezvous,2007,72.643,$,18
Buick,Rendezvous,2006,31.754,$,19
Buick,Rainier,2009,4.819,$,16
Buick,Rainier,2008,15.271,$,17
Buick,Rainier,2007,4.797,$,18
Cadillac,ATS,2020,10.859,$,5
Cadillac,ATS,2019,21.505,$,6
Cadillac,ATS,2018,29.89,$,7
Cadillac,ATS,2017,7.008,$,8
Cadillac,CT6,2021,7.951,$,4
Cadillac,CT6,2020,10.542,$,5
Cadillac,XTS,2021,11.304,$,4
Cadillac,XTS,2020,16.275,$,5
Cadillac,XTS,2019,23.112,$,6
Cadillac,XTS,2018,32.559,$,7
Cadillac,ELR,2017,1.024,$,8
Cadillac,ELR,2016,6.0,$,9
Cadillac,XT4,2021,31.987,$,4
Cadillac,XT5,2021,49.879,$,4
Cadillac,XT5,2020,68.312,$,5
Cadillac,Escalade,2021,22.478,$,4
Cadillac,Escalade,2020,22.994,$,5
Cadillac,Escalade,2019,21.23,$,6
Cadillac,Escalade,2018,12.592,$,7
Cadillac,Escalade,2017,15.079,$,8
Cadillac,Escalade,2016,16.873,$,9
Cadillac,Escalade,2015,36.654,$,10
Cadillac,Escalade,2014,29.876,$,11
Cadillac,Escalade,2013,35.621,$,12
Cadillac,Escalade,2012,31.27,$,13
Cadillac,Escalade,2011,23.897,$,14
Cadillac,Escalade-ESV,2019,14.7,$,6
Cadillac,Escalade-ESV,2018,14.691,$,7
Cadillac,Escalade-ESV,2017,7.95,$,8
Cadillac,Escalade-ESV,2016,8.388,$,9
Cadillac,Escalade-ESV,2015,6.588,$,10
Cadillac,Escalade-ESV,2014,16.37,$,11
Cadillac,Escalade-ESV,2013,13.502,$,12
Cadillac,Escalade-ESV,2012,12.866,$,13
Cadillac,Escalade-EXT,2015,1.972,$,10
Cadillac,Escalade-EXT,2014,2.036,$,11
Cadillac,Escalade-EXT,2013,2.423,$,12
Cadillac,Escalade-EXT,2012,7.967,$,13
Cadillac,Escalade-EXT,2011,7.766,$,14
Cadillac,Escalade-EXT,2010,11.256,$,15
Cadillac,Escalade-EXT,2009,546.0,$,16
Cadillac,CTS,2021,6.965,$,4
Cadillac,CTS,2020,10.344,$,5
Cadillac,CTS,2019,19.485,$,6
Cadillac,CTS,2018,32.343,$,7
Cadillac,CTS,2017,55.042,$,8
Cadillac,CTS,2016,38.817,$,9
Cadillac,CTS,2015,57.029,$,10
Cadillac,CTS,2014,61.512,$,11
Cadillac,CTS,2013,49.392,$,12
Cadillac,STS,2013,3.338,$,12
Cadillac,STS,2012,6.037,$,13
Cadillac,STS,2011,20.873,$,14
Cadillac,STS,2010,33.497,$,15
Cadillac,DTS,2013,11.589,$,12
Cadillac,DTS,2012,17.33,$,13
Cadillac,DTS,2011,51.469,$,14
Cadillac,DTS,2010,23.322,$,15
Cadillac,Seville-SLS,2006,3.386,$,19
Cadillac,Seville-SLS,2005,21.494,$,20
Cadillac,Seville-SLS,2004,29.535,$,21
Cadillac,Seville-SLS,2003,39.009,$,22
Cadillac,Seville-SLS,2002,33.809,$,23
Cadillac,DeVille,2007,38.661,$,18
Cadillac,DeVille,2006,82.076,$,19
Cadillac,DeVille,2005,95.354,$,20
Cadillac,DeVille,2004,90.755,$,21
Cadillac,DeVille,2003,104.743,$,22
Cadillac,SRX,2018,22.139,$,7
Cadillac,SRX,2017,53.578,$,8
Cadillac,SRX,2016,57.485,$,9
Cadillac,SRX,2015,51.094,$,10
Cadillac,SRX,2014,16.156,$,11
Cadillac,SRX,2013,22.043,$,12
Cadillac,SRX,2012,30.019,$,13
Cadillac,XLR,2011,787.0,$,14
Cadillac,XLR,2010,1.75,$,15
Cadillac,XLR,2009,3.73,$,16
Cadillac,XLR,2008,875.0,$,17
Cadillac,Catera,2003,9.764,$,22
Cadillac,Catera,2002,15.068,$,23
Cadillac,Catera,2001,25.411,$,24
Cadillac,Eldorado,2003,9.859,$,22
Cadillac,Eldorado,2002,15.255,$,23
Cadillac,Eldorado,2001,20.609,$,24
Cadillac,Eldorado,2000,23.2,$,25
Cadillac,Eldorado,1999,22.982,$,26
Cadillac,Eldorado,1998,15.304,$,27
Cadillac,Eldorado,1997,30.051,$,28
Cadillac,Eldorado,1996,21.47,$,29
Cadillac,Eldorado,1995,58.31,$,30
Cadillac,Eldorado,1994,71.624,$,31
Cadillac,Eldorado,1993,54.389,$,32
Cadillac,Allante,1994,2.314,$,31
Cadillac,Allante,1993,3.407,$,32
Cadillac,Allante,1992,3.065,$,33
Cadillac,Allante,1991,0.0,$,34
Chevrolet,Spark,2021,31.281,$,4
Chevrolet,Spark,2020,22.589,$,5
Chevrolet,Spark,2019,32.853,$,6
Chevrolet,Spark,2018,34.13,$,7
Chevrolet,Sonic,2021,13.971,$,4
Chevrolet,Sonic,2020,30.29,$,5
Chevrolet,Sonic,2019,64.775,$,6
Chevrolet,Sonic,2018,85.646,$,7
Chevrolet,Sonic,2017,15.778,$,8
Chevrolet,Cruze,2021,47.975,$,4
Chevrolet,Cruze,2020,184.751,$,5
Chevrolet,Cruze,2019,226.602,$,6
Chevrolet,Cruze,2018,248.224,$,7
Chevrolet,Cruze,2017,231.732,$,8
Chevrolet,Bolt-EV,2021,16.418,$,4
Chevrolet,Bolt-EV,2020,23.297,$,5
Chevrolet,Volt,2021,4.91,$,4
Chevrolet,Volt,2020,20.349,$,5
Chevrolet,Volt,2019,15.393,$,6
Chevrolet,Volt,2018,23.094,$,7
Chevrolet,Volt,2017,7.671,$,8
Chevrolet,Malibu,2021,131.917,$,4
Chevrolet,Malibu,2020,185.857,$,5
Chevrolet,Malibu,2019,194.854,$,6
Chevrolet,Malibu,2018,200.594,$,7
Chevrolet,Malibu,2017,204.808,$,8
Chevrolet,Malibu,2016,161.568,$,9
Chevrolet,Malibu,2015,128.312,$,10
Chevrolet,Malibu,2014,203.503,$,11
Chevrolet,Malibu,2013,122.771,$,12
Chevrolet,Malibu,2012,176.583,$,13
Chevrolet,Malibu,2011,218.54,$,14
Chevrolet,Malibu,2010,164.654,$,15
Chevrolet,Impala,2021,44.978,$,4
Chevrolet,Impala,2020,75.877,$,5
Chevrolet,Impala,2019,116.825,$,6
Chevrolet,Impala,2018,156.797,$,7
Chevrolet,Impala,2017,171.434,$,8
Chevrolet,Impala,2016,165.565,$,9
Chevrolet,Impala,2015,311.128,$,10
Chevrolet,Impala,2014,246.481,$,11
Chevrolet,Impala,2013,267.882,$,12
Chevrolet,Impala,2012,208.395,$,13
Chevrolet,Impala,2011,81.247,$,14
Chevrolet,SS,2018,3.013,$,7
Chevrolet,SS,2017,2.479,$,8
Chevrolet,Camaro,2021,48.265,$,4
Chevrolet,Camaro,2020,67.94,$,5
Chevrolet,Camaro,2019,77.502,$,6
Chevrolet,Camaro,2018,80.567,$,7
Chevrolet,Camaro,2017,88.249,$,8
Chevrolet,Camaro,2016,61.648,$,9
Chevrolet,Camaro,2015,0.0,$,10
Chevrolet,Camaro,2014,0.0,$,11
Chevrolet,Camaro,2013,127.0,$,12
Chevrolet,Camaro,2012,35.453,$,13
Chevrolet,Camaro,2011,40.726,$,14
Chevrolet,Camaro,2010,55.973,$,15
Chevrolet,Corvette,2021,17.988,$,4
Chevrolet,Corvette,2020,25.079,$,5
Chevrolet,Corvette,2019,33.329,$,6
Chevrolet,Corvette,2018,17.291,$,7
Chevrolet,Corvette,2017,13.164,$,8
Chevrolet,Corvette,2016,13.934,$,9
Chevrolet,Corvette,2015,33.685,$,10
Chevrolet,Corvette,2014,32.489,$,11
Chevrolet,Corvette,2013,27.974,$,12
Chevrolet,Corvette,2012,33.655,$,13
Chevrolet,Corvette,2011,29.963,$,14
Chevrolet,Corvette,2010,22.724,$,15
Chevrolet,Trax,2021,116.816,$,4
Chevrolet,Trax,2020,79.289,$,5
Chevrolet,Trax,2019,63.03,$,6
Chevrolet,Equinox,2021,346.048,$,4
Chevrolet,Equinox,2020,290.458,$,5
Chevrolet,Equinox,2019,277.589,$,6
Chevrolet,Equinox,2018,238.192,$,7
Chevrolet,Equinox,2017,193.274,$,8
Chevrolet,Equinox,2016,86.148,$,9
Chevrolet,Equinox,2015,89.552,$,10
Chevrolet,Equinox,2014,130.542,$,11
Chevrolet,Blazer,2021,58.115,$,4
Chevrolet,Blazer,2020,0.0,$,5
Chevrolet,Blazer,2019,0.0,$,6
Chevrolet,Blazer,2018,0.0,$,7
Chevrolet,Blazer,2017,0.0,$,8
Chevrolet,Blazer,2016,0.0,$,9
Chevrolet,Blazer,2015,7.0,$,10
Chevrolet,Blazer,2014,4.936,$,11
Chevrolet,Blazer,2013,53.426,$,12
Chevrolet,Blazer,2012,149.195,$,13
Chevrolet,Blazer,2011,232.14,$,14
Chevrolet,Blazer,2010,221.4,$,15
Chevrolet,Blazer,2009,247.661,$,16
Chevrolet,Blazer,2008,167.201,$,17
Chevrolet,Blazer,2007,123.346,$,18
Chevrolet,Blazer,2006,178.691,$,19
Chevrolet,Blazer,2005,153.064,$,20
Chevrolet,Traverse,2021,147.122,$,4
Chevrolet,Traverse,2020,123.506,$,5
Chevrolet,Traverse,2019,119.945,$,6
Chevrolet,Traverse,2018,96.467,$,7
Chevrolet,Traverse,2017,107.131,$,8
Chevrolet,Traverse,2016,91.074,$,9
Chevrolet,Tahoe,2021,101.189,$,4
Chevrolet,Tahoe,2020,98.961,$,5
Chevrolet,Tahoe,2019,88.342,$,6
Chevrolet,Tahoe,2018,83.502,$,7
Chevrolet,Tahoe,2017,80.527,$,8
Chevrolet,Tahoe,2016,73.254,$,9
Chevrolet,Tahoe,2015,146.256,$,10
Chevrolet,Tahoe,2014,152.305,$,11
Chevrolet,Tahoe,2013,199.065,$,12
Chevrolet,Tahoe,2012,202.319,$,13
Chevrolet,Tahoe,2011,122.213,$,14
Chevrolet,Tahoe,2010,124.125,$,15
Chevrolet,Suburban,2021,51.928,$,4
Chevrolet,Suburban,2020,56.516,$,5
Chevrolet,Suburban,2019,50.866,$,6
Chevrolet,Suburban,2018,51.26,$,7
Chevrolet,Suburban,2017,49.427,$,8
Chevrolet,Suburban,2016,41.055,$,9
Chevrolet,Suburban,2015,83.673,$,10
Chevrolet,Suburban,2014,87.011,$,11
Chevrolet,Suburban,2013,135.222,$,12
Chevrolet,Suburban,2012,154.782,$,13
Chevrolet,Suburban,2011,138.977,$,14
Chevrolet,Suburban,2010,99.068,$,15
Chevrolet,Colorado,2021,122.304,$,4
Chevrolet,Colorado,2020,112.996,$,5
Chevrolet,Colorado,2019,84.43,$,6
Chevrolet,Colorado,2018,3.412,$,7
Chevrolet,Colorado,2017,31.026,$,8
Chevrolet,Colorado,2016,32.413,$,9
Chevrolet,Colorado,2015,75.716,$,10
Chevrolet,Colorado,2014,128.359,$,11
Chevrolet,Colorado,2013,3.535,$,12
Chevrolet,Silverado,2021,575.603,$,4
Chevrolet,Silverado,2020,585.864,$,5
Chevrolet,Silverado,2019,600.544,$,6
Chevrolet,Silverado,2018,480.414,$,7
Chevrolet,Silverado,2017,415.13,$,8
Chevrolet,Silverado,2016,316.544,$,9
Chevrolet,Silverado,2015,618.257,$,10
Chevrolet,Silverado,2014,705.98,$,11
Chevrolet,Silverado,2013,684.302,$,12
Chevrolet,Silverado,2012,716.051,$,13
Chevrolet,Silverado,2011,636.15,$,14
Chevrolet,Silverado,2010,534.344,$,15
Chevrolet,Silverado,2009,536.901,$,16
Chevrolet,Silverado,2008,513.348,$,17
Chevrolet,Silverado,2007,404.763,$,18
Chevrolet,Silverado,2006,490.345,$,19
Chevrolet,Silverado,2005,375.867,$,20
Chevrolet,Silverado,2004,436.91,$,21
Chevrolet,City-Express,2020,6.341,$,5
Chevrolet,City-Express,2019,7.019,$,6
Chevrolet,City-Express,2018,530.0,$,7
Chevrolet,Aveo,2013,28.601,$,12
Chevrolet,Aveo,2012,38.516,$,13
Chevrolet,Aveo,2011,67.028,$,14
Chevrolet,Aveo,2010,68.085,$,15
Chevrolet,Aveo,2009,5.677,$,16
Chevrolet,Cavalier,2007,18.96,$,18
Chevrolet,Cavalier,2006,256.55,$,19
Chevrolet,Cavalier,2005,233.298,$,20
Chevrolet,Cavalier,2004,272.122,$,21
Chevrolet,Cavalier,2003,302.161,$,22
Chevrolet,Cavalier,2002,212.767,$,23
Chevrolet,Cavalier,2001,273.617,$,24
Chevrolet,Cavalier,2000,259.385,$,25
Chevrolet,Cavalier,1999,295.715,$,26
Chevrolet,Cavalier,1998,307.028,$,27
Chevrolet,Cavalier,1997,431.031,$,28
Chevrolet,Cobalt,2012,97.376,$,13
Chevrolet,Cobalt,2011,188.045,$,14
Chevrolet,Cobalt,2010,211.449,$,15
Chevrolet,Cobalt,2009,4.959,$,16
Chevrolet,Monte-Carlo,2009,15.784,$,16
Chevrolet,Monte-Carlo,2008,33.562,$,17
Chevrolet,Monte-Carlo,2007,66.976,$,18
Chevrolet,Monte-Carlo,2006,72.596,$,19
Chevrolet,Monte-Carlo,2005,68.309,$,20
Chevrolet,Monte-Carlo,2004,71.543,$,21
Chevrolet,HHR,2013,37.012,$,12
Chevrolet,HHR,2012,70.842,$,13
Chevrolet,HHR,2011,105.175,$,14
Chevrolet,HHR,2010,41.011,$,15
Chevrolet,SSR,2008,3.803,$,17
Chevrolet,SSR,2007,9.648,$,18
Chevrolet,Captiva-Sport,2015,47.6,$,10
Chevrolet,Captiva-Sport,2014,7.038,$,11
Chevrolet,Avalanche,2015,16.526,$,10
Chevrolet,Avalanche,2014,20.088,$,11
Chevrolet,Avalanche,2013,16.432,$,12
Chevrolet,Avalanche,2012,55.55,$,13
Chevrolet,Avalanche,2011,63.186,$,14
Chevrolet,Avalanche,2010,93.482,$,15
Chevrolet,Avalanche,2009,52.955,$,16
Chevrolet,Tracker,2006,14.898,$,19
Chevrolet,Tracker,2005,42.212,$,20
Chevrolet,Tracker,2004,48.02,$,21
Chevrolet,Tracker,2003,20.296,$,22
Chevrolet,Tracker,2002,47.188,$,23
Chevrolet,Venture,2010,40.456,$,15
Chevrolet,Venture,2009,196.0,$,16
Chevrolet,Venture,2008,66.522,$,17
Chevrolet,Venture,2007,94.056,$,18
Chevrolet,Venture,2006,97.45,$,19
Chevrolet,Venture,2005,97.362,$,20
Chevrolet,Venture,2004,3.788,$,21
Chevrolet,Uplander,2007,72.98,$,18
Chevrolet,Astro,2007,19.215,$,18
Chevrolet,Astro,2006,40.123,$,19
Chevrolet,Astro,2005,59.395,$,20
Chevrolet,Astro,2004,102.427,$,21
Chevrolet,Astro,2003,111.39,$,22
Chevrolet,Metro,2003,6.515,$,22
Chevrolet,Metro,2002,31.989,$,23
Chevrolet,Metro,2001,55.629,$,24
Chevrolet,Spectrum,1990,68.347,$,35
Chevrolet,Spectrum,1989,99.37,$,36
Chevrolet,Spectrum,1988,2.077,$,37
Chevrolet,Prizm,2004,14.297,$,21
Chevrolet,Prizm,2003,52.116,$,22
Chevrolet,Prizm,2002,49.552,$,23
Chevrolet,Prizm,2001,79.288,$,24
Chevrolet,Lumina,2003,17.649,$,22
Chevrolet,Lumina,2002,97.607,$,23
Chevrolet,Lumina,2001,228.451,$,24
Chevrolet,Lumina,2000,214.595,$,25
Chrysler,200,2020,1.043,$,5
Chrysler,200,2018,177.889,$,7
Chrysler,200,2016,125.476,$,9
Chrysler,300,2021,29.213,$,4
Chrysler,300,2020,51.237,$,5
Chrysler,300,2019,53.109,$,6
Chrysler,300,2018,57.724,$,7
Chrysler,300,2017,36.285,$,8
Chrysler,300,2016,38.606,$,9
Chrysler,300,2015,120.636,$,10
Chrysler,300,2014,144.068,$,11
Chrysler,300,2013,24.91,$,12
Chrysler,Pacifica-minivan,2021,97.705,$,4
Chrysler,Pacifica-minivan,2020,118.274,$,5
Chrysler,Town-&-Country,2018,62.724,$,7
Chrysler,Town-&-Country,2017,138.04,$,8
Chrysler,Town-&-Country,2016,111.744,$,9
Chrysler,Town-&-Country,2015,112.275,$,10
Chrysler,Town-&-Country,2014,118.563,$,11
Chrysler,Town-&-Country,2013,159.105,$,12
Chrysler,Town-&-Country,2012,142.523,$,13
Chrysler,Town-&-Country,2011,126.378,$,14
Chrysler,Town-&-Country,2010,99.252,$,15
Chrysler,Town-&-Country,2009,71.981,$,16
Chrysler,Town-&-Country,2008,84.828,$,17
Chrysler,Town-&-Country,2007,33.656,$,18
Chrysler,Town-&-Country,2006,16.905,$,19
Chrysler,Town-&-Country,2005,2.891,$,20
Chrysler,Town-&-Country,2004,0.0,$,21
Chrysler,PT-Cruiser,2011,17.941,$,14
Chrysler,PT-Cruiser,2010,99.585,$,15
Chrysler,PT-Cruiser,2009,133.74,$,16
Chrysler,PT-Cruiser,2008,107.759,$,17
Chrysler,PT-Cruiser,2007,144.717,$,18
Chrysler,Sebring,2011,27.46,$,14
Chrysler,Sebring,2010,93.13,$,15
Chrysler,Sebring,2009,90.294,$,16
Chrysler,Sebring,2008,100.109,$,17
Chrysler,Sebring,2007,118.459,$,18
Chrysler,Sebring,2006,77.331,$,19
Chrysler,Sebring,2005,88.419,$,20
Chrysler,Cirrus,2002,38.086,$,23
Chrysler,Cirrus,2001,38.504,$,24
Chrysler,Cirrus,2000,36.007,$,25
Chrysler,Cirrus,1999,12.997,$,26
Chrysler,Concorde,2005,28.519,$,20
Chrysler,Concorde,2004,32.331,$,21
Chrysler,Concorde,2003,59.855,$,22
Chrysler,Concorde,2002,38.772,$,23
Chrysler,Crossfire,2009,8.774,$,16
Chrysler,Crossfire,2008,14.665,$,17
Chrysler,Crossfire,2007,4.021,$,18
Chrysler,Aspen,2010,22.254,$,15
Chrysler,Aspen,2009,7.656,$,16
Chrysler,Pacifica,2009,53.947,$,16
Chrysler,Pacifica,2008,85.557,$,17
Chrysler,Pacifica,2007,56.656,$,18
Chrysler,Prowler,2003,2.187,$,22
Chrysler,Prowler,2002,2.365,$,23
Chrysler,Voyager,2004,37.392,$,21
Chrysler,Voyager,2003,97.218,$,22
Chrysler,Voyager,2002,293.819,$,23
Daewoo,Lanos,2003,15.619,$,22
Daewoo,Lanos,2002,9.321,$,23
Daewoo,Lanos,2001,0.0,$,24
Daewoo,Nubira,2003,14.33,$,22
Daewoo,Nubira,2002,8.553,$,23
Daewoo,Nubira,2001,0.0,$,24
Daewoo,Leganza,2003,18.347,$,22
Daewoo,Leganza,2002,12.913,$,23
Daewoo,Leganza,2001,0.0,$,24
Daihatsu,Charade,1992,10.63,$,33
Daihatsu,Charade,1991,11.46,$,34
Daihatsu,Rocky.,1992,4.354,$,33
Daihatsu,Rocky.,1991,0.0,$,34
Dodge,Dart,2021,15.0,$,4
Dodge,Dart,2020,10.082,$,5
Dodge,Dart,2019,87.392,$,6
Dodge,Dart,2018,83.388,$,7
Dodge,Challenger,2021,60.997,$,4
Dodge,Challenger,2020,64.537,$,5
Dodge,Challenger,2019,66.365,$,6
Dodge,Challenger,2018,51.462,$,7
Dodge,Challenger,2017,39.534,$,8
Dodge,Challenger,2016,25.852,$,9
Dodge,Charger,2021,96.935,$,4
Dodge,Charger,2020,88.351,$,5
Dodge,Charger,2019,94.725,$,6
Dodge,Charger,2018,98.336,$,7
Dodge,Charger,2017,70.089,$,8
Dodge,Charger,2016,60.651,$,9
Dodge,Charger,2015,119.289,$,10
Dodge,Charger,2014,44.804,$,11
Dodge,Viper,2018,626.0,$,7
Dodge,Viper,2017,760.0,$,8
Dodge,Viper,2016,20.0,$,9
Dodge,Viper,2015,392.0,$,10
Dodge,Viper,2014,1.172,$,11
Dodge,Viper,2013,1.455,$,12
Dodge,Viper,2012,1.782,$,13
Dodge,Viper,2011,1.511,$,14
Dodge,Viper,2010,1.47,$,15
Dodge,Viper,2009,1.248,$,16
Dodge,Viper,2008,1.597,$,17
Dodge,Viper,2007,1.926,$,18
Dodge,Viper,2006,122.0,$,19
Dodge,Grand-Caravan,2021,122.648,$,4
Dodge,Grand-Caravan,2020,125.196,$,5
Dodge,Grand-Caravan,2019,97.141,$,6
Dodge,Grand-Caravan,2018,124.019,$,7
Dodge,Grand-Caravan,2017,110.862,$,8
Dodge,Grand-Caravan,2016,90.666,$,9
Dodge,Grand-Caravan,2015,176.15,$,10
Dodge,Grand-Caravan,2014,226.771,$,11
Dodge,Grand-Caravan,2013,233.394,$,12
Dodge,Grand-Caravan,2012,242.036,$,13
Dodge,Grand-Caravan,2011,293.1,$,14
Dodge,Grand-Caravan,2010,300.0,$,15
Dodge,Grand-Caravan,2009,267.06,$,16
Dodge,Grand-Caravan,2008,281.521,$,17
Dodge,Grand-Caravan,2007,216.51,$,18
Dodge,Grand-Caravan,2006,219.576,$,19
Dodge,Grand-Caravan,2005,167.042,$,20
Dodge,Grand-Caravan,2004,136.335,$,21
Dodge,Journey,2021,74.686,$,4
Dodge,Journey,2020,89.47,$,5
Dodge,Journey,2019,105.4,$,6
Dodge,Journey,2018,83.933,$,7
Dodge,Journey,2017,55.155,$,8
Dodge,Journey,2016,53.826,$,9
Dodge,Durango,2021,67.599,$,4
Dodge,Durango,2020,68.761,$,5
Dodge,Durango,2019,64.186,$,6
Dodge,Durango,2018,60.727,$,7
Dodge,Durango,2017,51.697,$,8
Dodge,Durango,2016,3.521,$,9
Dodge,Durango,2015,45.503,$,10
Dodge,Durango,2014,115.439,$,11
Dodge,Durango,2013,108.01,$,12
Dodge,Durango,2012,130.799,$,13
Dodge,Durango,2011,189.84,$,14
Dodge,Caliber,2013,35.049,$,12
Dodge,Caliber,2012,36.098,$,13
Dodge,Caliber,2011,101.079,$,14
Dodge,Neon,2006,113.476,$,19
Dodge,Neon,2005,126.118,$,20
Dodge,Neon,2004,113.381,$,21
Dodge,Neon,2003,117.964,$,22
Dodge,Neon,2002,139.831,$,23
Dodge,Neon,2001,93.3,$,24
Dodge,Avenger,2018,3.0,$,7
Dodge,Avenger,2017,51.705,$,8
Dodge,Avenger,2016,96.89,$,9
Dodge,Avenger,2015,50.923,$,10
Dodge,Avenger,2014,61.963,$,11
Dodge,Stratus,2007,99.648,$,18
Dodge,Stratus,2006,99.924,$,19
Dodge,Stratus,2005,111.125,$,20
Dodge,Stratus,2004,94.413,$,21
Dodge,Stratus,2003,99.04,$,22
Dodge,Stratus,2002,75.439,$,23
Dodge,Magnum,2009,30.256,$,16
Dodge,Magnum,2008,52.487,$,17
Dodge,Intrepid,2005,76.473,$,20
Dodge,Intrepid,2004,109.098,$,21
Dodge,Intrepid,2003,144.355,$,22
Dodge,Intrepid,2002,118.587,$,23
Dodge,Intrepid,2001,147.576,$,24
Dodge,Intrepid,2000,89.127,$,25
Dodge,Intrepid,1999,0.0,$,26
Dodge,Nitro,2012,22.618,$,13
Dodge,Nitro,2011,36.368,$,14
Dodge,Nitro,2010,16.99,$,15
Dodge,Avenger-Coupe,2002,5.512,$,23
Dodge,Avenger-Coupe,2001,24.084,$,24
Dodge,Avenger-Coupe,2000,35.752,$,25
Dodge,Avenger-Coupe,1999,4.846,$,26
Dodge,Stealth,1997,4.111,$,28
Dodge,Stealth,1996,14.556,$,29
Dodge,Stealth,1995,18.352,$,30
Dodge,Stealth,1994,0.0,$,31
Dodge,Raider,1990,7.861,$,35
Dodge,Raider,1989,4.768,$,36
Fiat,124-Spider,2021,2.644,$,4
Fiat,124-Spider,2020,4.478,$,5
Fiat,500L,2021,771.0,$,4
Fiat,500L,2020,1.664,$,5
Fiat,500L,2019,7.863,$,6
Fiat,500L,2018,6.861,$,7
Fiat,500X,2021,2.518,$,4
Fiat,500X,2020,7.665,$,5
Fiat,500X,2019,9.463,$,6
Fiat,124-Spider.,2021,2.644,$,4
Fiat,124-Spider.,2020,4.478,$,5
Ford,Fiesta,2020,51.73,$,5
Ford,Fiesta,2019,48.807,$,6
Ford,Fiesta,2018,63.192,$,7
Ford,Fiesta,2017,56.775,$,8
Ford,Fiesta,2016,23.273,$,9
Ford,Focus,2019,158.385,$,6
Ford,Focus,2018,202.478,$,7
Ford,Focus,2017,234.57,$,8
Ford,Focus,2016,175.717,$,9
Ford,Focus,2015,160.433,$,10
Ford,Focus,2014,173.213,$,11
Ford,Focus,2013,184.825,$,12
Ford,Focus,2012,229.353,$,13
Ford,Focus,2011,264.414,$,14
Ford,Focus,2010,55.846,$,15
Ford,Fusion,2021,166.045,$,4
Ford,Fusion,2020,209.623,$,5
Ford,Fusion,2019,300.17,$,6
Ford,Fusion,2018,295.28,$,7
Ford,Fusion,2017,248.067,$,8
Ford,Fusion,2016,180.671,$,9
Ford,Fusion,2015,149.552,$,10
Ford,Fusion,2014,16.983,$,11
Ford,Mustang,2021,72.489,$,4
Ford,Mustang,2020,81.866,$,5
Ford,Mustang,2019,122.439,$,6
Ford,Mustang,2018,77.186,$,7
Ford,Mustang,2017,70.438,$,8
Ford,Mustang,2016,66.623,$,9
Ford,Mustang,2015,134.626,$,10
Ford,Mustang,2014,160.975,$,11
Ford,Mustang,2013,140.35,$,12
Ford,Mustang,2012,169.198,$,13
Ford,Mustang,2011,166.915,$,14
Ford,Mustang,2010,116.61,$,15
Ford,Mustang,2009,136.962,$,16
Ford,Mustang,2008,98.648,$,17
Ford,Mustang,2007,80.247,$,18
Ford,Mustang,2006,161.148,$,19
Ford,Mustang,2005,172.602,$,20
Ford,Mustang,2004,157.821,$,21
Ford,Mustang,2003,116.976,$,22
Ford,Mustang,2002,154.985,$,23
Ford,Escape,2021,241.388,$,4
Ford,Escape,2020,308.296,$,5
Ford,Escape,2019,306.492,$,6
Ford,Escape,2018,295.993,$,7
Ford,Escape,2017,254.293,$,8
Ford,Escape,2016,173.044,$,9
Ford,Escape,2015,165.596,$,10
Ford,Escape,2014,165.122,$,11
Ford,Escape,2013,167.678,$,12
Ford,Escape,2012,164.184,$,13
Ford,Edge,2021,138.515,$,4
Ford,Edge,2020,142.603,$,5
Ford,Edge,2019,124.12,$,6
Ford,Edge,2018,129.109,$,7
Ford,Edge,2017,121.702,$,8
Ford,Edge,2016,88.548,$,9
Ford,Edge,2015,130.125,$,10
Ford,Flex,2020,20.308,$,5
Ford,Flex,2019,22.668,$,6
Ford,Flex,2018,23.822,$,7
Ford,Flex,2017,28.224,$,8
Ford,Flex,2016,34.227,$,9
Ford,Flex,2015,14.457,$,10
Ford,Explorer,2021,184.653,$,4
Ford,Explorer,2020,271.131,$,5
Ford,Explorer,2019,249.251,$,6
Ford,Explorer,2018,192.397,$,7
Ford,Explorer,2017,135.704,$,8
Ford,Explorer,2016,52.19,$,9
Ford,Explorer,2015,137.817,$,10
Ford,Explorer,2014,239.788,$,11
Ford,Explorer,2013,373.118,$,12
Ford,Explorer,2012,415.921,$,13
Ford,Explorer,2011,428.772,$,14
Ford,Explorer,2010,383.852,$,15
Ford,Explorer,2009,395.227,$,16
Ford,Explorer,2008,302.201,$,17
Ford,Explorer,2007,250.059,$,18
Ford,Expedition,2021,88.83,$,4
Ford,Expedition,2020,51.883,$,5
Ford,Expedition,2019,41.443,$,6
Ford,Expedition,2018,38.35,$,7
Ford,Expedition,2017,40.499,$,8
Ford,Expedition,2016,31.655,$,9
Ford,Expedition,2015,90.287,$,10
Ford,Expedition,2014,114.137,$,11
Ford,Expedition,2013,181.547,$,12
Ford,Expedition,2012,178.045,$,13
Ford,Expedition,2011,233.125,$,14
Ford,Expedition,2010,214.524,$,15
Ford,Transit-Connect,2021,41.598,$,4
Ford,Transit-Connect,2020,34.473,$,5
Ford,Transit-Connect,2019,52.221,$,6
Ford,Transit-Connect,2018,39.703,$,7
Ford,Transit-Connect,2017,31.914,$,8
Ford,Transit-Connect,2016,8.834,$,9
Ford,Transit,2021,153.868,$,4
Ford,Transit,2020,127.36,$,5
Ford,Transit,2019,117.577,$,6
Ford,Ranger,2021,89.571,$,4
Ford,Ranger,2020,70.832,$,5
Ford,Ranger,2019,55.6,$,6
Ford,Ranger,2012,72.711,$,13
Ford,Ranger,2011,120.958,$,14
Ford,Ranger,2010,209.117,$,15
Ford,Ranger,2009,272.46,$,16
Ford,Ranger,2008,348.358,$,17
Ford,Ranger,2007,298.796,$,18
Ford,Ranger,2006,309.085,$,19
Ford,Ranger,2005,340.184,$,20
Ford,Ranger,2004,233.503,$,21
Ford,Ranger,2003,184.125,$,22
Ford,Ranger,2002,305.295,$,23
Ford,Ranger,2001,247.042,$,24
Ford,F-series,2021,896.526,$,4
Ford,F-series,2020,896.764,$,5
Ford,F-series,2019,780.354,$,6
Ford,F-series,2018,763.402,$,7
Ford,F-series,2017,584.917,$,8
Ford,F-series,2016,413.625,$,9
Ford,F-series,2015,690.589,$,10
Ford,F-series,2014,901.463,$,11
Ford,F-series,2013,845.586,$,12
Ford,F-series,2012,911.597,$,13
Ford,F-series,2011,869.001,$,14
Ford,F-series,2010,746.111,$,15
Ford,F-series,2009,691.452,$,16
Ford,F-series,2008,544.396,$,17
Ford,F-series,2007,432.644,$,18
Ford,F-series,2006,540.739,$,19
Ford,F-series,2005,550.125,$,20
Ford,F-series,2004,562.507,$,21
Ford,F-series,2003,453.108,$,22
Ford,GT,2021,229.0,$,4
Ford,GT,2020,89.0,$,5
Ford,GT,2019,1.919,$,6
Ford,GT,2018,144.0,$,7
Ford,Escort,2004,51.857,$,21
Ford,Escort,2003,110.736,$,22
Ford,Escort,2002,291.936,$,23
Ford,Escort,2001,284.644,$,24
Ford,Escort,2000,336.967,$,25
Ford,Escort,1999,236.622,$,26
Ford,Escort,1998,288.727,$,27
Ford,Escort,1997,387.815,$,28
Ford,Escort,1996,402.181,$,29
Ford,Taurus,2006,248.148,$,19
Ford,Taurus,2005,332.69,$,20
Ford,Taurus,2004,382.035,$,21
Ford,Taurus,2003,371.074,$,22
Ford,Taurus,2002,401.049,$,23
Ford,Taurus,2001,397.037,$,24
Ford,Taurus,2000,409.751,$,25
Ford,Taurus,1999,313.274,$,26
Ford,Taurus,1998,374.627,$,27
Ford,Taurus,1997,263.45,$,28
Ford,Crown-Victoria,2012,33.722,$,13
Ford,Crown-Victoria,2011,48.557,$,14
Ford,Crown-Victoria,2010,62.976,$,15
Ford,Crown-Victoria,2009,70.816,$,16
Ford,Crown-Victoria,2008,79.716,$,17
Ford,Crown-Victoria,2007,92.047,$,18
Ford,Crown-Victoria,2006,111.531,$,19
Ford,Crown-Victoria,2005,108.789,$,20
Ford,Crown-Victoria,2004,103.04,$,21
Ford,Windstar,2004,148.875,$,21
Ford,Windstar,2003,222.298,$,22
Ford,Windstar,2002,190.173,$,23
Ford,Windstar,2001,209.033,$,24
Ford,Freestar,2007,77.585,$,18
Ford,Freestar,2006,15.771,$,19
Ford,Excursion,2006,20.01,$,19
Ford,Excursion,2005,29.042,$,20
Ford,Excursion,2004,50.786,$,21
Ford,Thunderbird,2006,11.998,$,19
Ford,Thunderbird,2005,19.085,$,20
Ford,Probe,1998,32.505,$,27
Ford,Probe,1997,83.872,$,28
Ford,Probe,1996,62.659,$,29
Ford,Probe,1995,103.062,$,30
Ford,Probe,1994,77.763,$,31
Jeep,Wrangler,2021,228.042,$,4
Jeep,Wrangler,2020,190.522,$,5
Jeep,Wrangler,2019,202.702,$,6
Jeep,Wrangler,2018,155.502,$,7
Jeep,Wrangler,2017,122.46,$,8
Jeep,Wrangler,2016,82.044,$,9
Jeep,Wrangler,2015,119.243,$,10
Jeep,Wrangler,2014,79.017,$,11
Jeep,Wrangler,2013,70.093,$,12
Jeep,Wrangler,2012,68.83,$,13
Jeep,Wrangler,2011,89.174,$,14
Jeep,Wrangler,2010,81.956,$,15
Jeep,Wrangler,2009,63.89,$,16
Jeep,Wrangler,2008,65.648,$,17
Jeep,Wrangler,2007,46.478,$,18
Jeep,Wrangler,2006,50.726,$,19
Jeep,Wrangler,2005,30.713,$,20
Jeep,Wrangler,2004,37.956,$,21
Jeep,Wrangler,2003,36.308,$,22
Jeep,Gladiator,2021,40.037,$,4
Jeep,Cherokee,2021,191.397,$,4
Jeep,Cherokee,2020,169.882,$,5
Jeep,Cherokee,2019,220.26,$,6
Jeep,Cherokee,2018,25.786,$,7
Jeep,Cherokee,2017,141.457,$,8
Jeep,Cherokee,2016,146.298,$,9
Jeep,Grand-Cherokee,2021,242.969,$,4
Jeep,Grand-Cherokee,2020,240.696,$,5
Jeep,Grand-Cherokee,2019,195.958,$,6
Jeep,Grand-Cherokee,2018,174.275,$,7
Jeep,Grand-Cherokee,2017,127.744,$,8
Jeep,Grand-Cherokee,2016,50.328,$,9
Jeep,Grand-Cherokee,2015,120.937,$,10
Jeep,Grand-Cherokee,2014,213.584,$,11
Jeep,Grand-Cherokee,2013,207.479,$,12
Jeep,Grand-Cherokee,2012,223.612,$,13
Jeep,Grand-Cherokee,2011,300.031,$,14
Jeep,Grand-Cherokee,2010,260.875,$,15
Jeep,Grand-Cherokee,2009,252.168,$,16
Jeep,Grand-Cherokee,2008,217.43,$,17
Jeep,Compass,2021,143.934,$,4
Jeep,Compass,2020,83.253,$,5
Jeep,Compass,2019,66.698,$,6
Jeep,Compass,2018,52.993,$,7
Jeep,Compass,2017,47.709,$,8
Jeep,Compass,2016,11.739,$,9
Jeep,Compass,2015,39.491,$,10
Jeep,Liberty,2013,66.684,$,12
Jeep,Liberty,2012,43.503,$,13
Jeep,Liberty,2011,92.105,$,14
Jeep,Liberty,2010,166.883,$,15
Jeep,Liberty,2009,162.987,$,16
Jeep,Liberty,2008,88.485,$,17
Jeep,Commander,2011,12.655,$,14
Jeep,Commander,2010,63.027,$,15
Jeep,Commander,2009,17.048,$,16
Jeep,Cherokee-XJ,2002,141.457,$,23
Jeep,Cherokee-XJ,2001,146.298,$,24
Jeep,Cherokee-XJ,2000,110.356,$,25
Jeep,Cherokee-XJ,1999,122.981,$,26
Jeep,Cherokee-XJ,1998,120.96,$,27
Jeep,Cherokee-XJ,1997,124.864,$,28
Jeep,Cherokee-XJ,1996,149.566,$,29
Jeep,Cherokee-XJ,1995,107.225,$,30
Jeep,Cherokee-XJ,1994,69.054,$,31
Jeep,Cherokee-XJ,1993,0.0,$,32
Kia,Rio,2021,24.961,$,4
Kia,Rio,2020,16.76,$,5
Kia,Rio,2019,23.742,$,6
Kia,Rio,2018,40.742,$,7
Kia,Rio,2017,20.111,$,8
Kia,Rio,2016,34.666,$,9
Kia,Rio,2015,33.37,$,10
Kia,Rio,2014,30.29,$,11
Kia,Rio,2013,41.285,$,12
Kia,Rio,2012,51.541,$,13
Kia,Rio,2011,82.211,$,14
Kia,Rio,2010,35.494,$,15
Kia,Soul,2021,98.033,$,4
Kia,Soul,2020,115.712,$,5
Kia,Soul,2019,147.133,$,6
Kia,Soul,2018,118.079,$,7
Kia,Soul,2017,102.267,$,8
Kia,Soul,2016,31.621,$,9
Kia,Forte,2021,95.609,$,4
Kia,Forte,2020,117.596,$,5
Kia,Forte,2019,78.919,$,6
Kia,Forte,2018,66.146,$,7
Kia,Forte,2017,76.295,$,8
Kia,Forte,2016,26.328,$,9
Kia,Optima,2021,96.623,$,4
Kia,Optima,2020,107.493,$,5
Kia,Optima,2019,159.414,$,6
Kia,Optima,2018,155.893,$,7
Kia,Optima,2017,84.59,$,8
Kia,Optima,2016,37.527,$,9
Kia,Optima,2015,40.901,$,10
Kia,Optima,2014,41.349,$,11
Kia,Optima,2013,34.681,$,12
Kia,Optima,2012,25.91,$,13
Kia,Cadenza,2021,1.63,$,4
Kia,Cadenza,2020,7.249,$,5
Kia,Cadenza,2019,7.343,$,6
Kia,Cadenza,2018,8.626,$,7
Kia,K900,2021,390.0,$,4
Kia,K900,2020,455.0,$,5
Kia,K900,2019,2.524,$,6
Kia,Sedona,2021,15.931,$,4
Kia,Sedona,2020,23.815,$,5
Kia,Sedona,2019,36.755,$,6
Kia,Sedona,2018,7.079,$,7
Kia,Sedona,2017,24.047,$,8
Kia,Sedona,2016,27.398,$,9
Kia,Sedona,2015,40.493,$,10
Kia,Sedona,2014,52.837,$,11
Kia,Sedona,2013,50.628,$,12
Kia,Sedona,2012,15.069,$,13
Kia,Niro,2021,24.467,$,4
Kia,Niro,2020,27.237,$,5
Kia,Sportage,2021,89.278,$,4
Kia,Sportage,2020,72.824,$,5
Kia,Sportage,2019,53.739,$,6
Kia,Sportage,2018,32.965,$,7
Kia,Sportage,2017,47.463,$,8
Kia,Sportage,2016,42.509,$,9
Kia,Sportage,2015,49.393,$,10
Kia,Sportage,2014,29.009,$,11
Kia,Sportage,2013,5.616,$,12
Kia,Sportage,2012,52.368,$,13
Kia,Sportage,2011,52.383,$,14
Kia,Sportage,2010,19.831,$,15
Kia,Sportage,2009,8.015,$,16
Kia,Sorento,2021,95.951,$,4
Kia,Sorento,2020,99.684,$,5
Kia,Sorento,2019,116.249,$,6
Kia,Sorento,2018,105.649,$,7
Kia,Sorento,2017,130.235,$,8
Kia,Sorento,2016,24.46,$,9
Kia,Sorento,2015,36.3,$,10
Kia,Sorento,2014,47.61,$,11
Kia,Sorento,2013,40.787,$,12
Kia,Spectra,2010,68.465,$,15
Kia,Spectra,2009,72.557,$,16
Kia,Spectra,2008,44.004,$,17
Kia,Spectra,2007,72.382,$,18
Kia,Spectra,2006,13.642,$,19
Kia,Amanti,2011,3.704,$,14
Kia,Amanti,2010,5.522,$,15
Kia,Amanti,2009,18.668,$,16
Kia,Amanti,2008,1.425,$,17
Kia,Rondo,2011,14.206,$,14
Kia,Rondo,2010,26.02,$,15
Mercedes-benz,190,1994,15.966,$,31
Mercedes-benz,190,1993,14.344,$,32
Mercedes-benz,190,1992,16.945,$,33
Mercedes-benz,190,1991,21.897,$,34
Mercedes-benz,190,1990,19.548,$,35
Mercedes-benz,190,1989,0.0,$,36
Nissan,Armada,2021,32.044,$,4
Nissan,Armada,2020,35.667,$,5
Nissan,Armada,2019,12.737,$,6
Nissan,Armada,2018,14.383,$,7
Nissan,Armada,2017,18.331,$,8
Nissan,Armada,2016,9.903,$,9
Nissan,Armada,2015,31.632,$,10
Nissan,Armada,2014,39.508,$,11
Nissan,Armada,2013,6.673,$,12
Nissan,Frontier,2021,72.369,$,4
Nissan,Frontier,2020,74.36,$,5
Nissan,Frontier,2019,62.817,$,6
Nissan,Frontier,2018,62.837,$,7
Nissan,Frontier,2017,51.7,$,8
Nissan,Frontier,2016,28.415,$,9
Nissan,Frontier,2015,64.397,$,10
Nissan,Frontier,2014,72.838,$,11
Nissan,Frontier,2013,65.161,$,12
Nissan,Frontier,2012,89.434,$,13
Nissan,Frontier,2011,96.301,$,14
Nissan,Frontier,2010,96.612,$,15
Nissan,Frontier,2009,126.683,$,16
Nissan,Frontier,2008,0.0,$,17
Nissan,Frontier,2007,129.633,$,18
Nissan,Frontier,2006,132.624,$,19
Nissan,Frontier,2005,163.691,$,20
Nissan,Frontier,2004,255.601,$,21
Nissan,Titan,2021,31.514,$,4
Nissan,Titan,2020,52.924,$,5
Nissan,Titan,2019,12.14,$,6
Nissan,Titan,2018,15.691,$,7
Nissan,Titan,2017,21.994,$,8
Nissan,Titan,2016,19.042,$,9
Nissan,Titan,2015,65.746,$,10
Nissan,Titan,2014,86.945,$,11
Nissan,Titan,2013,2.072,$,12
Nissan,NV200,2021,18.768,$,4
Nissan,NV200,2020,18.602,$,5
Nissan,NV200,2019,17.317,$,6
Nissan,NV200,2018,4.031,$,7
Nissan,NV,2021,20.022,$,4
Nissan,NV,2020,17.858,$,5
Nissan,NV,2019,16.958,$,6
Nissan,NV,2018,13.177,$,7
Nissan,NV,2017,6.444,$,8
Nissan,Cube,2016,3.785,$,9
Nissan,Cube,2015,7.667,$,10
Nissan,Cube,2014,22.968,$,11
Nissan,Quest,2018,11.115,$,7
Nissan,Quest,2017,9.833,$,8
Nissan,Quest,2016,18.275,$,9
Nissan,Quest,2015,177.0,$,10
Nissan,Quest,2014,18.252,$,11
Nissan,Quest,2013,31.905,$,12
Nissan,Quest,2012,46.43,$,13
Nissan,Quest,2011,17.48,$,14
Nissan,Quest,2010,42.8,$,15
Nissan,Quest,2009,30.466,$,16
Nissan,Quest,2008,46.636,$,17
Nissan,Quest,2007,49.651,$,18
Nissan,Juke,2019,10.157,$,6
Nissan,Juke,2018,27.121,$,7
Nissan,Juke,2017,38.157,$,8
Nissan,Juke,2016,35.886,$,9
Nissan,X-Terra,2017,10.672,$,8
Nissan,X-Terra,2016,17.766,$,9
Nissan,X-Terra,2015,18.221,$,10
Nissan,X-Terra,2014,16.455,$,11
Nissan,X-Terra,2013,51.355,$,12
Nissan,X-Terra,2012,72.447,$,13
Nissan,X-Terra,2011,67.799,$,14
Nissan,X-Terra,2010,86.757,$,15
Nissan,X-Terra,2009,47.806,$,16
Nissan,Wagon,1992,62.0,$,33
Nissan,Wagon,1991,10.846,$,34
Nissan,Wagon,1990,0.0,$,35
Nissan,350Z,2009,18.957,$,16
Nissan,350Z,2008,27.278,$,17
Nissan,350Z,2007,36.728,$,18
Nissan,300ZX,2000,124.0,$,25
Nissan,300ZX,1999,4.176,$,26
Nissan,300ZX,1998,9.801,$,27
Nissan,300ZX,1996,14.903,$,29
Nissan,300ZX,1995,26.387,$,30
Nissan,300ZX,1994,33.566,$,31
Nissan,300ZX,1993,67.409,$,32
Oldsmobile,Alero,2006,20.156,$,19
Oldsmobile,Alero,2005,94.285,$,20
Oldsmobile,Alero,2004,122.722,$,21
Oldsmobile,Alero,2003,28.134,$,22
Oldsmobile,Intrigue,2004,15.015,$,21
Oldsmobile,Intrigue,2003,64.109,$,22
Oldsmobile,Intrigue,2002,90.563,$,23
Oldsmobile,Aurora,2005,3.161,$,20
Oldsmobile,Aurora,2004,24.928,$,21
Oldsmobile,Aurora,2003,16.321,$,22
Oldsmobile,Aurora,2002,25.404,$,23
Oldsmobile,Aurora,2001,47.831,$,24
Oldsmobile,Silhouette,2006,6.461,$,19
Oldsmobile,Silhouette,2005,22.597,$,20
Oldsmobile,Silhouette,2004,41.177,$,21
Oldsmobile,Silhouette,2003,37.554,$,22
Oldsmobile,Silhouette,2002,9.33,$,23
Oldsmobile,Bravada,2006,1.973,$,19
Oldsmobile,Bravada,2005,14.337,$,20
Oldsmobile,Bravada,2004,31.194,$,21
Oldsmobile,Bravada,2003,30.202,$,22
Oldsmobile,Bravada,2002,15.471,$,23
Peugeot,405,1994,335.0,$,31
Peugeot,405,1993,3.091,$,32
Peugeot,405,1992,1.337,$,33
Peugeot,505,1992,1.17,$,33
Peugeot,505,1991,5.305,$,34
Peugeot,505,1990,14.336,$,35
Peugeot,505,1989,18.394,$,36
Peugeot,505,1988,13.74,$,37
Peugeot,505,1987,11.094,$,38
Plymouth,Reliant,1990,109.858,$,35
Plymouth,Reliant,1989,130.043,$,36
Plymouth,Reliant,1988,138.714,$,37
Plymouth,Reliant,1987,146.762,$,38
Plymouth,Reliant,1986,32.72,$,39
Plymouth,Caravelle,1990,12.903,$,35
Plymouth,Caravelle,1989,39.138,$,36
Plymouth,Caravelle,1988,9.074,$,37
Plymouth,Gran-Fury,1990,13.315,$,35
Plymouth,Gran-Fury,1989,17.443,$,36
Plymouth,Gran-Fury,1988,16.609,$,37
Plymouth,Gran-Fury,1987,18.255,$,38
Plymouth,Gran-Fury,1986,13.682,$,39
Plymouth,Horizon,1992,11.937,$,33
Plymouth,Horizon,1991,61.142,$,34
Plymouth,Horizon,1990,111.092,$,35
Plymouth,Horizon,1989,78.298,$,36
Plymouth,Horizon,1988,46.907,$,37
Plymouth,Horizon,1987,78.823,$,38
Plymouth,Laser,1996,4.566,$,29
Plymouth,Laser,1995,24.494,$,30
Plymouth,Laser,1994,40.177,$,31
Plymouth,Laser,1993,0.0,$,32
Plymouth,Conquest,1988,2.181,$,37
Plymouth,Conquest,1987,3.013,$,38
Plymouth,Conquest,1986,0.0,$,39
Plymouth,Arrow,1981,21.829,$,44
Plymouth,Arrow,1980,47.345,$,45
Plymouth,Arrow,1979,0.0,$,46
Plymouth,Sapporo,1985,10.766,$,40
Plymouth,Sapporo,1984,13.326,$,41
Plymouth,Sapporo,1983,12.322,$,42
Plymouth,Sapporo,1982,1.406,$,43
Plymouth,Scamp,1985,2.618,$,40
Plymouth,Scamp,1984,0.0,$,41
Pontiac,Vibe,2010,46.551,$,15
Pontiac,Vibe,2009,45.221,$,16
Pontiac,Vibe,2008,58.894,$,17
Pontiac,Vibe,2007,39.082,$,18
Pontiac,Sunfire,2007,25.114,$,18
Pontiac,Sunfire,2006,43.595,$,19
Pontiac,Sunfire,2005,71.342,$,20
Pontiac,Sunfire,2004,90.256,$,21
Pontiac,Sunfire,2003,102.16,$,22
Pontiac,G5,2010,25.439,$,15
Pontiac,G5,2009,7.902,$,16
Pontiac,Grand-Am,2007,31.613,$,18
Pontiac,Grand-Am,2006,156.466,$,19
Pontiac,Grand-Am,2005,182.046,$,20
Pontiac,Grand-Am,2004,234.936,$,21
Pontiac,Grand-Am,2003,204.078,$,22
Pontiac,Grand-Am,2002,234.226,$,23
Pontiac,G6,2010,140.24,$,15
Pontiac,G6,2009,157.644,$,16
Pontiac,G6,2008,16.185,$,17
Pontiac,Grand-Prix,2010,8.636,$,15
Pontiac,Grand-Prix,2009,108.634,$,16
Pontiac,Grand-Prix,2008,131.551,$,17
Pontiac,Grand-Prix,2007,130.141,$,18
Pontiac,Grand-Prix,2006,148.521,$,19
Pontiac,Grand-Prix,2005,122.915,$,20
Pontiac,Grand-Prix,2004,104.979,$,21
Pontiac,Bonneville,2007,10.037,$,18
Pontiac,Bonneville,2006,25.25,$,19
Pontiac,Bonneville,2005,48.598,$,20
Pontiac,Bonneville,2004,45.111,$,21
Pontiac,Bonneville,2003,75.882,$,22
Pontiac,G8,2010,15.002,$,15
Pontiac,GTO,2008,11.268,$,17
Pontiac,GTO,2007,13.569,$,18
Pontiac,Firebird,2004,20.613,$,21
Pontiac,Firebird,2003,31.013,$,22
Pontiac,Firebird,2002,31.692,$,23
Pontiac,Firebird,2001,32.622,$,24
Pontiac,Solstice,2010,10.739,$,15
Pontiac,Solstice,2009,19.71,$,16
Pontiac,Montana,2008,13.488,$,17
Pontiac,Montana,2007,33.629,$,18
Pontiac,Montana,2006,47.836,$,19
Pontiac,Montana,2005,59.849,$,20
Pontiac,Montana,2004,10.819,$,21
Pontiac,Aztek,2007,5.02,$,18
Pontiac,Aztek,2006,27.354,$,19
Pontiac,Aztek,2005,27.322,$,20
Pontiac,Torrent,2010,20.625,$,15
Pontiac,Torrent,2009,43.174,$,16
Pontiac,LeMans,1993,34.7,$,32
Pontiac,LeMans,1992,44.641,$,33
Pontiac,LeMans,1991,35.564,$,34
Porsche,Boxster,2018,2.67,$,7
Porsche,Boxster,2017,3.875,$,8
Porsche,Boxster,2016,2.894,$,9
Porsche,Boxster,2015,2.177,$,10
Porsche,Boxster,2014,2.982,$,11
Porsche,Boxster,2013,4.503,$,12
Porsche,Boxster,2012,3.513,$,13
Porsche,Boxster,2011,9.875,$,14
Porsche,Boxster,2010,13.312,$,15
Porsche,Boxster,2009,9.696,$,16
Porsche,Cayman,2018,3.59,$,7
Porsche,Cayman,2017,3.417,$,8
Porsche,Cayman,2016,462.0,$,9
Porsche,Cayman,2015,1.322,$,10
Porsche,Cayman,2014,3.513,$,11
Porsche,Cayman,2013,7.025,$,12
Porsche,718,2021,3.88,$,4
Porsche,718,2020,5.087,$,5
Porsche,911,2021,9.265,$,4
Porsche,911,2020,8.97,$,5
Porsche,911,2019,9.858,$,6
Porsche,911,2018,10.442,$,7
Porsche,911,2017,6.016,$,8
Porsche,911,2016,6.839,$,9
Porsche,911,2015,12.493,$,10
Porsche,911,2014,10.107,$,11
Porsche,911,2013,9.408,$,12
Porsche,911,2012,10.763,$,13
Porsche,911,2011,8.194,$,14
Porsche,Panamera,2021,6.625,$,4
Porsche,Panamera,2020,6.731,$,5
Porsche,Panamera,2019,4.985,$,6
Porsche,Panamera,2018,5.421,$,7
Porsche,Panamera,2017,6.879,$,8
Porsche,Panamera,2016,1.247,$,9
Porsche,Macan,2021,22.667,$,4
Porsche,Macan,2020,21.429,$,5
Porsche,Macan,2019,13.533,$,6
Porsche,Cayenne,2021,19.001,$,4
Porsche,Cayenne,2020,13.203,$,5
Porsche,Cayenne,2019,16.474,$,6
Porsche,Cayenne,2018,18.507,$,7
Porsche,Cayenne,2017,12.978,$,8
Porsche,Cayenne,2016,7.735,$,9
Porsche,Cayenne,2015,12.547,$,10
Porsche,Cayenne,2014,13.607,$,11
Porsche,Cayenne,2013,12.921,$,12
Porsche,918-Spyder,2016,82.0,$,9
Porsche,Carrera-GT,2007,340.0,$,18
Porsche,924S,1990,2.321,$,35
Porsche,924S,1989,3.096,$,36
Porsche,944,1991,2.794,$,34
Porsche,944,1990,10.799,$,35
Porsche,944,1989,16.834,$,36
Porsche,944,1988,12.144,$,37
Porsche,968,1997,365.0,$,28
Porsche,968,1996,1.188,$,29
Porsche,968,1995,28.0,$,30
Porsche,928,1997,84.0,$,28
Porsche,928,1996,120.0,$,29
Porsche,928,1995,263.0,$,30
Porsche,928,1994,835.0,$,31
Porsche,928,1993,1.968,$,32
Porsche,928,1992,2.582,$,33
Porsche,928,1991,0.0,$,34
Porsche,928,1990,2.019,$,35
Porsche,928,1989,0.0,$,36
Saab,900,2000,9.009,$,25
Saab,900,1999,22.436,$,26
Saab,900,1998,14.127,$,27
Saab,900,1997,16.011,$,28
Saab,900,1996,17.355,$,29
Saab,900,1995,25.921,$,30
Saab,900,1994,37.647,$,31
Saab,900,1993,30.981,$,32
Saab,900,1992,17.365,$,33
Saab,900,1991,11.374,$,34
Saab,900-Convertible,1997,6.312,$,28
Saab,900-Convertible,1996,4.235,$,29
Saab,900-Convertible,1995,4.7,$,30
Saab,900-Convertible,1994,3.2,$,31
Saab,900-Convertible,1993,2.243,$,32
Saab,900-Convertible,1992,0.0,$,33
Saab,9000,2000,993.0,$,25
Saab,9000,1999,6.003,$,26
Saab,9000,1998,7.552,$,27
Saab,9000,1997,10.974,$,28
Saab,9000,1996,8.888,$,29
Saab,9000,1995,11.858,$,30
Saab,9000,1994,9.767,$,31
Saab,9000,1993,0.0,$,32
Saturn,S-Series,2003,162.11,$,22
Saturn,S-Series,2002,207.977,$,23
Saturn,S-Series,2001,250.835,$,24
Saturn,S-Series,2000,285.674,$,25
Saturn,S-Series,1999,229.356,$,26
Saturn,S-Series,1998,74.493,$,27
Saturn,Ion,2009,47.873,$,16
Saturn,Ion,2008,100.891,$,17
Saturn,Ion,2007,117.23,$,18
Saturn,Astra,2010,11.968,$,15
Saturn,L-series,2007,5.036,$,18
Saturn,L-series,2006,65.957,$,19
Saturn,L-series,2005,98.227,$,20
Saturn,L-series,2004,24.456,$,21
Saturn,Aura,2010,59.38,$,15
Saturn,Aura,2009,19.746,$,16
Saturn,Sky,2010,9.162,$,15
Saturn,Sky,2009,8.671,$,16
Saturn,Vue,2010,81.676,$,15
Saturn,Vue,2009,88.581,$,16
Saturn,Vue,2008,86.957,$,17
Saturn,Vue,2007,75.477,$,18
Saturn,Relay,2009,1.474,$,16
Saturn,Relay,2008,15.758,$,17
Saturn,Outlook,2010,25.34,$,15
Saturn,Outlook,2009,144.0,$,16
Volkswagen,Quantum,1992,46.0,$,33
Volkswagen,Quantum,1991,3.03,$,34
Volkswagen,Quantum,1990,11.779,$,35
Volkswagen,Quantum,1989,16.955,$,36
Volkswagen,Quantum,1988,8.57,$,37
Volkswagen,Fox,1993,13.462,$,32
Volkswagen,Fox,1992,37.654,$,33
Volkswagen,Fox,1991,40.176,$,34
Volkswagen,Scirocco,1991,867.0,$,34
Volkswagen,Scirocco,1990,6.971,$,35
Volkswagen,Scirocco,1989,13.528,$,36
Volkswagen,Scirocco,1988,14.184,$,37
Volkswagen,Scirocco,1987,19.21,$,38
Volkswagen,Scirocco,1986,26.104,$,39
Volkswagen,Scirocco,1985,24.786,$,40
Volkswagen,Scirocco,1984,16.108,$,41
Volkswagen,Scirocco,1983,0.0,$,42
Volkswagen,Corrado,1995,2.111,$,30
Volkswagen,Corrado,1994,4.311,$,31
Volkswagen,Corrado,1993,1.393,$,32
Volkswagen,Cabriolet,2003,13.327,$,22
Volkswagen,Cabriolet,2002,11.539,$,23
Volkswagen,Cabriolet,2001,9.538,$,24
Volkswagen,Cabriolet,2000,5.54,$,25
Volkswagen,Cabriolet,1999,3.848,$,26
Volkswagen,Cabriolet,1998,5.387,$,27
Volkswagen,Cabriolet,1997,9.865,$,28
Volkswagen,Cabriolet,1996,13.491,$,29
Volkswagen,Cabriolet,1995,12.564,$,30
Volkswagen,Eurovan,2005,4.735,$,20
Volkswagen,Eurovan,2004,5.6,$,21
Volkswagen,Eurovan,2003,3.395,$,22
Volkswagen,Eurovan,2002,1.738,$,23
Volkswagen,Vanagon,1991,4.969,$,34
Volkswagen,Vanagon,1990,10.336,$,35
Volkswagen,Vanagon,1989,16.296,$,36
Volkswagen,Vanagon,1988,14.695,$,37
Volkswagen,Vanagon,1987,11.479,$,38
Volkswagen,Vanagon,1986,11.762,$,39
Volkswagen,Vanagon,1985,26.209,$,40
Volkswagen,Vanagon,1984,17.679,$,41
Volkswagen,Vanagon,1983,43.533,$,42
Volkswagen,Vanagon,1982,68.561,$,43
Volkswagen,Vanagon,1981,54.985,$,44
Volkswagen,Vanagon,1980,29.049,$,45
Volkswagen,Vanagon,1979,34.054,$,46
Volkswagen,Vanagon,1978,39.383,$,47
Volkswagen,Vanagon,1977,22.754,$,48
Volkswagen,Vanagon,1976,32.133,$,49
Volkswagen,Vanagon,1975,19.118,$,50
Volkswagen,Vanagon,1974,3.189,$,51
Volkswagen,Vanagon,1973,75.0,$,52
Volkswagen,Vanagon,1972,50.0,$,53
Volkswagen,Rabbit-Pickup,1986,392.0,$,39
Volkswagen,Rabbit-Pickup,1985,12.769,$,40
Volkswagen,Rabbit-Pickup,1984,25.532,$,41
Volkswagen,Rabbit-Pickup,1983,0.0,$,42
Volkswagen,Karmann-Ghia,1975,12.921,$,50
Volkswagen,Karmann-Ghia,1974,23.383,$,51
Volkswagen,Karmann-Ghia,1973,25.684,$,52
Volkswagen,Karmann-Ghia,1972,19.281,$,53
Volkswagen,Karmann-Ghia,1971,18.194,$,54
Volkswagen,Karmann-Ghia,1970,15.397,$,55
Volkswagen,Karmann-Ghia,1969,8.597,$,56
Volkswagen,Karmann-Ghia,1968,8.035,$,57
Volkswagen,Karmann-Ghia,1967,4.13,$,58
Volkswagen,Karmann-Ghia,1966,0.0,$,59
Volvo,XC60,2021,30.578,$,4
Volvo,XC60,2020,22.516,$,5
Volvo,XC60,2019,26.133,$,6
Volvo,XC60,2018,19.766,$,7
Volvo,XC60,2017,12.932,$,8
Volvo,XC60,2016,9.262,$,9
Volvo,XC70,2017,5.118,$,8
Volvo,XC70,2016,4.882,$,9
Volvo,XC70,2015,5.716,$,10
Volvo,XC70,2014,5.825,$,11
Volvo,XC70,2013,12.628,$,12
Volvo,XC70,2012,13.991,$,13
Volvo,XC70,2011,17.177,$,14
Volvo,XC70,2010,24.305,$,15
Volvo,XC90,2021,35.76,$,4
Volvo,XC90,2020,30.996,$,5
Volvo,XC90,2019,12.777,$,6
Volvo,XC90,2018,6.845,$,7
Volvo,XC90,2017,10.609,$,8
Volvo,XC90,2016,10.757,$,9
Volvo,XC90,2015,31.336,$,10
Volvo,XC90,2014,35.976,$,11
Volvo,XC90,2013,35.723,$,12
Volvo,S60-Cross-Country,2018,563.0,$,7
Volvo,V60-Cross-Country,2021,1.804,$,4
Volvo,V60-Cross-Country,2020,2.118,$,5
Volvo,V60-Cross-Country,2019,2.769,$,6
Volvo,S90,2021,2.545,$,4
Volvo,S90,2020,8.641,$,5
Volvo,V90,2021,500.0,$,4
Volvo,V90,2020,183.0,$,5
Volvo,C70,2015,3.234,$,10
Volvo,C70,2014,4.933,$,11
Volvo,C70,2013,5.17,$,12
Volvo,C70,2012,4.541,$,13
Volvo,C70,2011,1.442,$,14
Volvo,C70,2010,4.271,$,15
Volvo,C70,2009,4.223,$,16
Volvo,C70,2008,6.503,$,17
Volvo,V70,2011,1.816,$,14
Volvo,V70,2010,3.769,$,15
Volvo,V70,2009,7.39,$,16
Volvo,V70,2008,11.765,$,17
Volvo,V70,2007,14.796,$,18
Volvo,V70,2006,31.066,$,19
Volvo,S80,2017,1.887,$,8
Volvo,S80,2016,1.935,$,9
Volvo,S80,2015,4.735,$,10
Volvo,S80,2014,8.331,$,11
Volvo,S80,2013,12.347,$,12
Volvo,S80,2012,10.181,$,13
Volvo,S80,2011,14.637,$,14
Volvo,S80,2010,20.425,$,15
Volvo,S80,2009,33.549,$,16
Volvo,C30,2014,2.827,$,11
Volvo,C30,2013,3.906,$,12
Volvo,C30,2012,4.299,$,13
Volvo,S40,2012,5.623,$,13
Volvo,S40,2011,9.687,$,14
Volvo,S40,2010,24.566,$,15
Volvo,S40,2009,25.54,$,16
Volvo,S40,2008,18.112,$,17
Volvo,S40,2007,35.634,$,18
Volvo,V50,2011,2.155,$,14
Volvo,V50,2010,2.85,$,15
Volvo,V50,2009,5.671,$,16
